Seconds.milliseconds since 1970,Queue size of CMController,Gyro X,Gyro Y,Gyro Z,Roll of the device,Pitch of the device,Yaw of the device,Quaternion X,Quaternion Y,Quaternion Z,Quaternion W,X-axis magnetic field in microteslas,Y-axis magnetic field in microteslas,Z-axis magnetic field in microteslas,Magnetic field accuracy (-1: not calibrated, 0: low, 1: medium, 2: high),Label used for the current sample
1352711958.787,0,0.169664,-0.058292,0.120754,0.134388,0.573914,-2.895528,-0.098568,0.272358,0.947380,-0.136299,-21.962200,-3.111179,-18.281599,2,0
1352711958.798,0,0.114810,-0.015265,0.177163,0.133060,0.575519,-2.893648,-0.098275,0.273121,0.947085,-0.137031,-21.962200,-3.111179,-18.281599,2,0
1352711958.809,0,0.074177,0.087603,0.157040,0.132650,0.576645,-2.891729,-0.098399,0.273590,0.946810,-0.137900,-21.962200,-3.111179,-18.281599,2,0
1352711958.819,0,0.067079,0.153174,0.115965,0.125900,0.576195,-2.886154,-0.095943,0.273574,0.946817,-0.139609,-22.069454,-2.965201,-18.176392,2,0
1352711958.830,0,0.078504,0.169182,0.079434,0.127149,0.577144,-2.885161,-0.096720,0.273890,0.946550,-0.140262,-22.069454,-2.965201,-18.176392,2,0
1352711958.841,0,0.110624,0.207996,0.075090,0.128811,0.578329,-2.884351,-0.097679,0.274297,0.946240,-0.140887,-22.069454,-2.965201,-18.176392,2,0
1352711958.852,0,0.111700,0.262503,0.081779,0.131068,0.579648,-2.883547,-0.098926,0.274725,0.945881,-0.141594,-21.968191,-2.956716,-18.300024,2,0
1352711958.862,0,0.094415,0.279400,0.079388,0.127825,0.579628,-2.879518,-0.097945,0.274748,0.945757,-0.143054,-21.968191,-2.956716,-18.300024,2,0
1352711958.873,0,0.092086,0.231096,0.066678,0.130014,0.580716,-2.878734,-0.099145,0.275070,0.945434,-0.143738,-21.972383,-2.876368,-18.307793,2,0
1352711958.884,0,0.065143,0.207005,0.043016,0.131963,0.581535,-2.878257,-0.100176,0.275295,0.945184,-0.144242,-21.972383,-2.876368,-18.307793,2,0
1352711958.895,0,0.026786,0.228639,0.050331,0.134097,0.582037,-2.877740,-0.101282,0.275353,0.944965,-0.144787,-21.972383,-2.876368,-18.307793,2,0
1352711958.905,0,-0.019227,0.231899,0.086833,0.133196,0.582288,-2.875189,-0.101221,0.275409,0.944789,-0.145870,-21.844284,-2.877533,-18.460268,2,0
1352711958.916,0,-0.034480,0.238780,0.135801,0.134835,0.582118,-2.873574,-0.102209,0.275126,0.944612,-0.146857,-21.819799,-2.814247,-18.498941,2,0
1352711958.927,0,-0.002752,0.267600,0.176685,0.136420,0.582206,-2.871369,-0.103265,0.274937,0.944355,-0.148117,-21.819799,-2.814247,-18.498941,2,0
1352711958.938,0,0.165656,0.319197,0.119395,0.138798,0.583660,-2.869794,-0.104684,0.275369,0.943902,-0.149207,-21.819799,-2.814247,-18.498941,2,0
1352711958.948,0,0.274979,0.224366,0.049367,0.137858,0.582729,-2.867496,-0.104505,0.274877,0.943915,-0.150150,-21.715479,-2.660379,-18.643894,2,0
1352711958.959,0,0.265272,0.067148,0.040506,0.139004,0.585713,-2.867510,-0.105209,0.276208,0.943418,-0.150341,-21.715479,-2.660379,-18.643894,2,0
1352711958.970,0,0.194614,-0.048207,0.079431,0.138422,0.588099,-2.866935,-0.105146,0.277353,0.943054,-0.150563,-21.673538,-2.728715,-18.682783,2,0
1352711958.981,0,0.148796,-0.111360,0.098176,0.132160,0.590597,-2.863376,-0.102829,0.278826,0.942741,-0.151400,-21.673538,-2.728715,-18.682783,2,0
1352711958.991,0,0.022974,-0.130915,0.084975,0.130216,0.591328,-2.862340,-0.102099,0.279266,0.942654,-0.151625,-21.673538,-2.728715,-18.682783,2,0
1352711959.002,0,-0.087883,-0.083754,0.050433,0.128673,0.590763,-2.861465,-0.101461,0.279071,0.942750,-0.151816,-21.797312,-2.712523,-18.540600,2,0
1352711959.013,0,-0.147847,-0.019320,-0.015486,0.128161,0.589312,-2.861235,-0.101169,0.278410,0.942973,-0.151839,-21.797312,-2.712523,-18.540600,2,0
1352711959.024,0,-0.181125,0.048424,-0.028537,0.124657,0.584350,-2.859147,-0.099518,0.276219,0.943720,-0.152289,-21.797312,-2.712523,-18.540600,2,0
1352711959.034,0,-0.219391,0.048346,-0.029997,0.125246,0.582108,-2.859214,-0.099656,0.275113,0.944024,-0.152318,-21.872025,-2.540000,-18.476940,2,0
1352711959.045,0,-0.255522,0.046797,0.006516,0.125593,0.579443,-2.858821,-0.099718,0.273803,0.944365,-0.152525,-21.855120,-2.482975,-18.504675,2,0
1352711959.056,0,-0.240903,0.038201,0.029800,0.125660,0.576854,-2.858133,-0.099692,0.272534,0.944684,-0.152835,-21.855120,-2.482975,-18.504675,2,0
1352711959.067,0,-0.086536,-0.001363,0.029154,0.122724,0.571680,-2.856052,-0.098281,0.270198,0.945416,-0.153371,-21.855120,-2.482975,-18.504675,2,0
1352711959.077,0,0.063289,-0.113240,-0.010159,0.121955,0.572021,-2.856136,-0.097926,0.270423,0.945411,-0.153230,-21.882816,-2.279097,-18.498177,2,0
1352711959.088,0,0.132294,-0.335879,0.021280,0.118989,0.573325,-2.856218,-0.096591,0.271274,0.945374,-0.152801,-21.882816,-2.279097,-18.498177,2,0
1352711959.099,0,0.130573,-0.435506,0.082821,0.113795,0.573643,-2.855390,-0.094267,0.271781,0.945513,-0.152490,-21.949678,-2.308672,-18.415104,2,0
1352711959.110,0,0.077335,-0.365548,0.094165,0.108992,0.574785,-2.854339,-0.092209,0.272641,0.945493,-0.152340,-21.949678,-2.308672,-18.415104,2,0
1352711959.120,0,0.000743,-0.183006,0.085583,0.105875,0.575057,-2.853261,-0.090899,0.272958,0.945514,-0.152425,-21.949678,-2.308672,-18.415104,2,0
1352711959.131,0,-0.067204,0.014080,0.075962,0.104972,0.574596,-2.852158,-0.090594,0.272758,0.945538,-0.152822,-22.166214,-2.276349,-18.157961,2,0
1352711959.142,0,-0.075933,0.102328,0.079184,0.099859,0.573898,-2.848119,-0.088684,0.272638,0.945557,-0.154031,-22.166214,-2.276349,-18.157961,2,0
1352711959.153,0,-0.043687,0.113408,0.062334,0.100589,0.573381,-2.847233,-0.089117,0.272297,0.945530,-0.154548,-22.166214,-2.276349,-18.157961,2,0
1352711959.163,0,0.085945,0.089486,0.066582,0.101207,0.573957,-2.846433,-0.089554,0.272487,0.945358,-0.155012,-22.213409,-2.128769,-18.118149,2,0
1352711959.174,0,0.246349,0.048614,0.083111,0.101466,0.576291,-2.845735,-0.089920,0.273543,0.944957,-0.155385,-22.189827,-2.130563,-18.146809,2,0
1352711959.185,0,0.380816,0.005263,0.099454,0.100880,0.577024,-2.844813,-0.089816,0.273895,0.944806,-0.155743,-22.189827,-2.130563,-18.146809,2,0
1352711959.195,0,0.444714,0.031789,0.133164,0.100567,0.581792,-2.843807,-0.090111,0.276136,0.944052,-0.156188,-22.189827,-2.130563,-18.146809,2,0
1352711959.206,0,0.446500,0.117178,0.205011,0.100569,0.586771,-2.842043,-0.090675,0.278416,0.943188,-0.157032,-22.183523,-2.217670,-18.144081,2,0
1352711959.217,0,0.402254,0.205822,0.315802,0.102105,0.591434,-2.839595,-0.092041,0.280391,0.942239,-0.158411,-22.183523,-2.217670,-18.144081,2,0
1352711959.228,0,0.361909,0.242586,0.407766,0.102125,0.595850,-2.835051,-0.092976,0.282269,0.941222,-0.160562,-22.127512,-2.262056,-18.206886,2,0
1352711959.238,0,0.346541,0.292944,0.466934,0.101989,0.600046,-2.829632,-0.093957,0.284010,0.940165,-0.163098,-22.127512,-2.262056,-18.206886,2,0
1352711959.249,0,0.410467,0.387267,0.492696,0.102712,0.604749,-2.823852,-0.095436,0.285897,0.938949,-0.165921,-22.127512,-2.262056,-18.206886,2,0
1352711959.260,0,0.464889,0.312430,0.487438,0.103075,0.609947,-2.818062,-0.096793,0.288040,0.937661,-0.168691,-21.985851,-2.164586,-18.389437,2,0
1352711959.271,0,0.436829,0.178298,0.457854,0.102152,0.615287,-2.812572,-0.097527,0.290367,0.936424,-0.171128,-21.985851,-2.164586,-18.389437,2,0
1352711959.281,0,0.300136,0.054829,0.424027,0.100063,0.619407,-2.807341,-0.097604,0.292230,0.935443,-0.173266,-21.985851,-2.164586,-18.389437,2,0
1352711959.292,0,0.123727,0.010984,0.407843,0.097162,0.621641,-2.802147,-0.097169,0.293280,0.934787,-0.175264,-21.891375,-2.080901,-18.511402,2,0
1352711959.303,0,-0.026882,-0.007502,0.405533,0.090984,0.624773,-2.795023,-0.095562,0.294953,0.933972,-0.177671,-21.942535,-1.982829,-18.461525,2,0
1352711959.314,0,-0.097983,-0.098025,0.352814,0.087347,0.624149,-2.790039,-0.094551,0.294748,0.933796,-0.179466,-21.942535,-1.982829,-18.461525,2,0
1352711959.324,0,-0.088549,-0.247446,0.273095,0.082826,0.623368,-2.786064,-0.092966,0.294602,0.933771,-0.180662,-21.942535,-1.982829,-18.461525,2,0
1352711959.335,0,0.002613,-0.358980,0.163606,0.074234,0.620755,-2.781494,-0.089420,0.293946,0.934151,-0.181555,-22.048203,-1.707186,-18.362919,2,0
1352711959.346,0,0.156046,-0.282126,0.122382,0.069926,0.622096,-2.779917,-0.087748,0.294897,0.933993,-0.181643,-22.048203,-1.707186,-18.362919,2,0
1352711959.357,0,0.283187,-0.082176,0.113983,0.067691,0.624925,-2.778637,-0.087121,0.296370,0.933539,-0.181877,-22.193068,-1.600325,-18.197283,2,0
1352711959.367,0,0.338336,0.066482,0.151217,0.067143,0.628597,-2.777026,-0.087402,0.298070,0.932849,-0.182503,-22.193068,-1.600325,-18.197283,2,0
1352711959.378,0,0.309643,0.107335,0.180816,0.066318,0.629803,-2.774565,-0.087482,0.298602,0.932473,-0.183513,-22.193068,-1.600325,-18.197283,2,0
1352711959.389,0,0.245226,0.082816,0.205919,0.065835,0.632771,-2.772182,-0.087857,0.299931,0.931814,-0.184512,-22.209497,-1.627060,-18.174854,2,0
1352711959.400,0,0.178249,0.129624,0.236565,0.065352,0.634978,-2.769267,-0.088252,0.300879,0.931221,-0.185768,-22.209497,-1.627060,-18.174854,2,0
1352711959.410,0,0.151079,0.105353,0.238624,0.064810,0.636838,-2.766197,-0.088617,0.301664,0.930668,-0.187090,-22.209497,-1.627060,-18.174854,2,0
1352711959.421,0,0.166128,0.031750,0.215987,0.061602,0.635306,-2.762149,-0.087605,0.301071,0.930669,-0.188512,-22.158335,-1.587311,-18.240698,2,0
1352711959.432,0,0.173952,0.023625,0.169413,0.060403,0.637310,-2.759838,-0.087566,0.302019,0.930190,-0.189376,-22.178545,-1.479463,-18.225195,2,0
1352711959.443,0,0.117222,0.114318,0.155203,0.060250,0.638839,-2.757898,-0.087919,0.302662,0.929773,-0.190230,-22.178545,-1.479463,-18.225195,2,0
1352711959.453,0,0.053063,0.186813,0.144464,0.056913,0.640433,-2.753596,-0.087158,0.303536,0.929259,-0.191698,-22.178545,-1.479463,-18.225195,2,0
1352711959.464,0,0.053429,0.139905,0.106059,0.057686,0.641018,-2.752040,-0.087805,0.303666,0.928983,-0.192528,-22.164486,-1.401170,-18.248472,2,0
1352711959.475,0,0.082234,0.050734,0.066213,0.057907,0.641873,-2.751087,-0.088127,0.304002,0.928747,-0.192990,-22.164486,-1.401170,-18.248472,2,0
1352711959.486,0,0.129394,0.030458,0.040591,0.057896,0.643175,-2.750587,-0.088311,0.304588,0.928494,-0.193198,-22.138231,-1.390601,-18.281118,2,0
1352711959.496,0,0.114517,0.031589,0.046635,0.057311,0.643238,-2.749709,-0.088179,0.304635,0.928425,-0.193515,-22.138231,-1.390601,-18.281118,2,0
1352711959.507,0,0.049004,0.026541,0.054762,0.057257,0.644067,-2.749079,-0.088323,0.304998,0.928236,-0.193785,-22.138231,-1.390601,-18.281118,2,0
1352711959.518,0,-0.085042,-0.102832,0.001298,0.056401,0.643557,-2.748736,-0.087933,0.304829,0.928321,-0.193823,-22.130505,-1.390648,-18.290470,2,0
1352711959.529,0,-0.110488,-0.101295,-0.053966,0.055463,0.642343,-2.749280,-0.087308,0.304378,0.928606,-0.193449,-22.130505,-1.390648,-18.290470,2,0
1352711959.539,0,-0.054939,-0.008003,-0.057657,0.052887,0.643511,-2.748334,-0.086359,0.305130,0.928442,-0.193474,-22.130505,-1.390648,-18.290470,2,0
1352711959.550,0,0.020231,-0.027313,-0.039001,0.053081,0.643532,-2.748909,-0.086363,0.305146,0.928486,-0.193237,-22.202879,-1.367411,-18.204308,2,0
1352711959.561,0,0.065694,-0.033437,-0.013055,0.052985,0.644112,-2.749238,-0.086320,0.305440,0.928431,-0.193058,-22.206844,-1.386397,-18.198029,2,0
1352711959.572,0,0.060559,-0.102598,0.014454,0.049962,0.646303,-2.747941,-0.085310,0.306696,0.928090,-0.193157,-22.206844,-1.386397,-18.198029,2,0
1352711959.582,0,0.064053,-0.158428,0.042133,0.048115,0.646904,-2.747483,-0.084576,0.307135,0.928029,-0.193073,-22.206844,-1.386397,-18.198029,2,0
1352711959.593,0,0.229520,-0.120754,-0.101050,0.047254,0.649129,-2.748363,-0.084239,0.308291,0.927798,-0.192488,-22.294788,-1.429069,-18.086864,2,0
1352711959.604,0,0.066115,-0.402467,-0.175700,0.045129,0.650198,-2.750687,-0.082989,0.309089,0.927940,-0.191060,-22.294788,-1.429069,-18.086864,2,0
1352711959.615,0,-0.056638,-0.312386,-0.124171,0.042369,0.649830,-2.752613,-0.081378,0.309259,0.928295,-0.189747,-22.366703,-1.524448,-17.990028,2,0
1352711959.625,0,-0.185937,-0.146374,-0.035231,0.040132,0.649254,-2.752862,-0.080250,0.309213,0.928500,-0.189298,-22.366703,-1.524448,-17.990028,2,0
1352711959.636,0,-0.237827,0.026548,-0.043751,0.040112,0.646770,-2.753251,-0.079962,0.308075,0.928930,-0.189168,-22.366703,-1.524448,-17.990028,2,0
1352711959.647,0,-0.256148,0.271136,-0.083253,0.042921,0.644042,-2.754030,-0.080906,0.306569,0.929321,-0.189294,-22.481026,-1.513688,-17.847878,2,0
1352711959.658,0,-0.164116,0.391688,-0.167322,0.046001,0.638476,-2.754690,-0.081748,0.303709,0.930130,-0.189569,-22.481026,-1.513688,-17.847878,2,0
1352711959.668,0,0.042679,0.455563,-0.237738,0.052608,0.638197,-2.757700,-0.084340,0.303078,0.930184,-0.189176,-22.481026,-1.513688,-17.847878,2,0
1352711959.679,0,0.277257,0.457290,-0.233836,0.059623,0.640456,-2.761105,-0.087280,0.303616,0.929851,-0.188619,-22.298565,-1.451364,-18.080429,2,0
1352711959.690,0,0.362104,0.274459,-0.181107,0.064896,0.644104,-2.764007,-0.089597,0.304950,0.929315,-0.188017,-22.165005,-1.611279,-18.230490,2,0
1352711959.701,0,0.289702,0.019525,-0.074890,0.069458,0.646909,-2.767292,-0.091449,0.305980,0.928972,-0.187148,-22.165005,-1.611279,-18.230490,2,0
1352711959.711,0,0.115949,-0.197000,0.039642,0.067882,0.648667,-2.767246,-0.090870,0.306945,0.928759,-0.186904,-22.165005,-1.611279,-18.230490,2,0
1352711959.722,0,-0.061342,-0.386777,0.133575,0.063216,0.648525,-2.765762,-0.088919,0.307248,0.928853,-0.186879,-22.145340,-1.796977,-18.237028,2,0
1352711959.733,0,-0.205253,-0.432424,0.213118,0.056950,0.646788,-2.763008,-0.086285,0.306904,0.929146,-0.187224,-22.145340,-1.796977,-18.237028,2,0
1352711959.743,0,-0.289664,-0.327681,0.256442,0.050918,0.644024,-2.759470,-0.083788,0.306031,0.929507,-0.187992,-22.271631,-1.694819,-18.092442,2,0
1352711959.754,0,-0.298321,-0.085666,0.241478,0.045705,0.641009,-2.755011,-0.081784,0.304932,0.929776,-0.189325,-22.271631,-1.694819,-18.092442,2,0
1352711959.765,0,-0.221333,0.118174,0.178909,0.044773,0.638502,-2.752242,-0.081552,0.303738,0.929943,-0.190520,-22.271631,-1.694819,-18.092442,2,0
1352711959.776,0,-0.082371,0.258202,0.094082,0.046222,0.637270,-2.750567,-0.082370,0.302957,0.929916,-0.191543,-22.387350,-1.354870,-17.977913,2,0
1352711959.786,0,0.056776,0.283399,-0.005272,0.044776,0.635087,-2.747760,-0.081928,0.301962,0.930045,-0.192673,-22.387350,-1.354870,-17.977913,2,0
1352711959.797,0,0.225207,0.238195,-0.058556,0.048016,0.637086,-2.748570,-0.083491,0.302616,0.929678,-0.192747,-22.387350,-1.354870,-17.977913,2,0
1352711959.808,0,0.300541,0.119775,-0.051839,0.050227,0.640109,-2.749521,-0.084642,0.303852,0.929205,-0.192582,-22.293173,-1.262513,-18.101242,2,0
1352711959.819,0,0.251118,-0.149039,-0.030126,0.049985,0.643096,-2.750182,-0.084693,0.305295,0.928810,-0.192181,-22.259352,-1.366523,-18.135277,2,0
1352711959.829,0,0.075942,-0.413145,-0.031190,0.047118,0.644022,-2.751170,-0.083293,0.306043,0.928880,-0.191266,-22.259352,-1.366523,-18.135277,2,0
1352711959.840,0,-0.026228,-0.248305,0.061578,0.043478,0.643992,-2.750693,-0.081672,0.306357,0.928989,-0.190931,-22.259352,-1.366523,-18.135277,2,0
1352711959.851,0,-0.100951,-0.117065,0.124806,0.041024,0.643146,-2.749120,-0.080698,0.306134,0.929071,-0.191304,-22.412628,-1.400533,-17.942881,2,0
1352711959.862,0,-0.168971,-0.051953,0.132340,0.039160,0.641556,-2.747223,-0.079980,0.305496,0.929213,-0.191934,-22.412628,-1.400533,-17.942881,2,0
1352711959.872,0,-0.199819,-0.031267,0.121373,0.035891,0.639308,-2.744328,-0.078699,0.304648,0.929415,-0.192831,-22.439825,-1.313588,-17.915443,2,0
1352711959.883,0,-0.195979,0.022101,0.102290,0.035010,0.637186,-2.742736,-0.078338,0.303682,0.929626,-0.193485,-22.439825,-1.313588,-17.915443,2,0
1352711959.894,0,-0.174855,0.080346,0.083358,0.034989,0.635281,-2.741500,-0.078342,0.302748,0.929802,-0.194100,-22.439825,-1.313588,-17.915443,2,0
1352711959.905,0,-0.171233,0.086337,0.092013,0.033243,0.632726,-2.739053,-0.077664,0.301632,0.930026,-0.195033,-22.458712,-1.100345,-17.906143,2,0
1352711959.915,0,-0.165070,0.053667,0.095425,0.033157,0.630968,-2.737700,-0.077665,0.300768,0.930168,-0.195690,-22.458712,-1.100345,-17.906143,2,0
1352711959.926,0,-0.150231,0.021041,0.095214,0.032715,0.629342,-2.736357,-0.077510,0.300002,0.930303,-0.196287,-22.458712,-1.100345,-17.906143,2,0
1352711959.937,0,-0.147493,-0.025938,0.067848,0.031968,0.627776,-2.735318,-0.077172,0.299305,0.930469,-0.196695,-22.448950,-0.902887,-17.929413,2,0
1352711959.948,0,-0.141329,-0.061029,0.071236,0.030653,0.625835,-2.734247,-0.076538,0.298488,0.930710,-0.197043,-22.457348,-0.834321,-17.922216,2,0
1352711959.958,0,-0.099555,-0.057467,0.094799,0.029291,0.624716,-2.733031,-0.075980,0.298054,0.930812,-0.197433,-22.457348,-0.834321,-17.922216,2,0
1352711959.969,0,-0.052795,-0.011498,0.110209,0.028245,0.624056,-2.731631,-0.075640,0.297797,0.930813,-0.197945,-22.457348,-0.834321,-17.922216,2,0
1352711959.980,0,-0.039019,0.020153,0.086087,0.027698,0.623657,-2.730413,-0.075529,0.297619,0.930774,-0.198440,-22.481714,-0.708360,-17.897070,2,0
1352711959.991,0,-0.048672,0.017886,0.060286,0.025399,0.622361,-2.728387,-0.074636,0.297167,0.930855,-0.199074,-22.481714,-0.708360,-17.897070,2,0
1352711960.001,0,-0.048471,0.087030,0.032752,0.025779,0.621818,-2.727859,-0.074840,0.296856,0.930870,-0.199390,-22.501143,-0.634044,-17.875429,2,0
1352711960.012,0,-0.041085,0.182639,0.028781,0.027362,0.621351,-2.727497,-0.075585,0.296467,0.930845,-0.199805,-22.501143,-0.634044,-17.875429,2,0
1352711960.023,0,-0.054627,0.131811,0.027005,0.027673,0.619546,-2.726484,-0.075707,0.295556,0.931004,-0.200368,-22.501143,-0.634044,-17.875429,2,0
1352711960.034,0,-0.040977,0.064121,0.024013,0.028299,0.619047,-2.726141,-0.076001,0.295247,0.931021,-0.200632,-22.441452,-0.549802,-17.953091,2,0
1352711960.044,0,-0.016303,0.047217,0.027683,0.028592,0.618827,-2.725760,-0.076172,0.295101,0.931004,-0.200858,-22.441452,-0.549802,-17.953091,2,0
1352711960.055,0,0.002195,0.044821,0.030225,0.027963,0.617874,-2.724853,-0.075921,0.294685,0.931080,-0.201211,-22.441452,-0.549802,-17.953091,2,0
1352711960.066,0,0.008433,-0.008364,0.026099,0.026862,0.617059,-2.723946,-0.075464,0.294381,0.931153,-0.201492,-22.419914,-0.490370,-17.981697,2,0
1352711960.077,0,0.033187,0.028045,0.016789,0.025528,0.616644,-2.722917,-0.074954,0.294283,0.931162,-0.201785,-22.446896,-0.431660,-17.949511,2,0
1352711960.087,0,0.038159,0.055916,0.010954,0.024866,0.616640,-2.722116,-0.074763,0.294319,0.931106,-0.202061,-22.446896,-0.431660,-17.949511,2,0
1352711960.098,0,0.029504,0.055886,0.012127,0.024719,0.616754,-2.721591,-0.074783,0.294367,0.931041,-0.202281,-22.446896,-0.431660,-17.949511,2,0
1352711960.109,0,0.012065,-0.007208,0.033487,0.024206,0.616718,-2.720987,-0.074630,0.294380,0.931005,-0.202487,-22.447817,-0.400986,-17.949070,2,0
1352711960.120,0,-0.023784,-0.077516,0.042419,0.022661,0.615964,-2.720114,-0.073965,0.294152,0.931086,-0.202686,-22.447817,-0.400986,-17.949070,2,0
1352711960.130,0,-0.131254,-0.124999,0.049898,0.019731,0.613673,-2.718770,-0.072573,0.293332,0.931399,-0.202943,-22.467518,-0.368677,-17.925097,2,0
1352711960.141,0,-0.213139,-0.008103,0.086000,0.018752,0.611672,-2.717748,-0.072069,0.292461,0.931627,-0.203330,-22.467518,-0.368677,-17.925097,2,0
1352711960.152,0,-0.313475,0.021668,0.119959,0.018044,0.608593,-2.716161,-0.071666,0.291040,0.931946,-0.204050,-22.467518,-0.368677,-17.925097,2,0
1352711960.163,0,-0.398932,0.009163,0.149946,0.016477,0.605053,-2.713900,-0.070911,0.289468,0.932291,-0.204974,-22.510313,-0.166227,-17.874355,2,0
1352711960.173,0,-0.402794,0.050177,0.165000,0.015644,0.600688,-2.711697,-0.070401,0.287438,0.932730,-0.206003,-22.510313,-0.166227,-17.874355,2,0
1352711960.184,0,-0.373149,0.050253,0.163957,0.014969,0.596600,-2.709473,-0.069992,0.285521,0.933116,-0.207058,-22.510313,-0.166227,-17.874355,2,0
1352711960.195,0,-0.319767,-0.008699,0.135566,0.013977,0.593021,-2.707603,-0.069431,0.283887,0.933472,-0.207890,-22.497507,0.169353,-17.890446,2,0
1352711960.206,0,-0.235329,0.002762,0.081068,0.012336,0.589915,-2.705783,-0.068606,0.282544,0.933783,-0.208595,-22.507332,0.324026,-17.875948,2,0
1352711960.216,0,-0.165977,-0.015069,0.059278,0.011812,0.587927,-2.704933,-0.068277,0.281640,0.933995,-0.208975,-22.507332,0.324026,-17.875948,2,0
1352711960.227,0,-0.101642,-0.109220,0.051453,0.010560,0.586636,-2.704218,-0.067660,0.281143,0.934146,-0.209170,-22.507332,0.324026,-17.875948,2,0
1352711960.238,0,-0.054728,-0.211989,0.059365,0.008105,0.585921,-2.703498,-0.066540,0.281042,0.934254,-0.209182,-22.538883,0.457522,-17.833223,2,0
1352711960.249,0,0.015332,-0.222971,0.096441,0.005390,0.584707,-2.702557,-0.065278,0.280728,0.934416,-0.209277,-22.538883,0.457522,-17.833223,2,0
1352711960.259,0,0.076862,-0.156431,0.115806,0.002730,0.585399,-2.701078,-0.064315,0.281281,0.934250,-0.209572,-22.597691,0.509162,-17.757240,2,0
1352711960.270,0,0.108724,-0.086356,0.138698,0.000673,0.586517,-2.699365,-0.063713,0.281965,0.933979,-0.210048,-22.597691,0.509162,-17.757240,2,0
1352711960.281,0,0.096076,-0.009169,0.167508,-0.001288,0.587430,-2.697048,-0.063220,0.282524,0.933668,-0.210824,-22.597691,0.509162,-17.757240,2,0
1352711960.291,0,0.019105,-0.014516,0.214760,-0.002718,0.587864,-2.694476,-0.062962,0.282796,0.933381,-0.211808,-22.659542,0.565073,-17.676546,2,0
1352711960.302,0,-0.009237,-0.011884,0.348131,-0.005141,0.587803,-2.690520,-0.062385,0.282901,0.933045,-0.213314,-22.659542,0.565073,-17.676546,2,0
1352711960.313,0,0.013715,0.030354,0.543429,-0.008414,0.587785,-2.684035,-0.061774,0.283043,0.932453,-0.215876,-22.659542,0.565073,-17.676546,2,0
1352711960.324,0,0.059409,0.112997,0.676765,-0.011591,0.586629,-2.675989,-0.061304,0.282603,0.931838,-0.219217,-22.650587,0.803190,-17.678806,2,0
1352711960.334,0,0.146979,0.121822,0.828052,-0.015943,0.587831,-2.665813,-0.060852,0.283332,0.930677,-0.223295,-22.606709,1.055552,-17.721649,2,0
1352711960.345,0,0.202706,0.158617,0.947553,-0.020948,0.589736,-2.653916,-0.060434,0.284421,0.929220,-0.228043,-22.606709,1.055552,-17.721649,2,0
1352711960.356,0,0.231515,0.279052,1.033364,-0.025725,0.591916,-2.640702,-0.060358,0.285583,0.927535,-0.233407,-22.606709,1.055552,-17.721649,2,0
1352711960.367,0,0.354354,0.420427,1.096670,-0.029703,0.594875,-2.626412,-0.060922,0.286988,0.925553,-0.239329,-22.447393,1.637176,-17.879278,2,0
1352711960.377,0,0.561117,0.555911,1.165335,-0.032622,0.599955,-2.611342,-0.062382,0.289219,0.923103,-0.245644,-22.447393,1.637176,-17.879278,2,0
1352711960.388,0,0.718404,0.658538,1.245643,-0.035001,0.606900,-2.595023,-0.064556,0.292188,0.920167,-0.252490,-22.274544,1.911433,-18.067253,2,0
1352711960.399,0,0.778534,0.620861,1.290986,-0.038033,0.614653,-2.577832,-0.066723,0.295562,0.916964,-0.259556,-22.274544,1.911433,-18.067253,2,0
1352711960.410,0,0.741627,0.531327,1.281359,-0.042116,0.622174,-2.560485,-0.068466,0.298942,0.913743,-0.266497,-22.274544,1.911433,-18.067253,2,0
1352711960.420,0,0.681491,0.515747,1.240423,-0.046533,0.629053,-2.543536,-0.069971,0.302075,0.910618,-0.273186,-21.826521,2.376150,-18.552393,2,0
1352711960.431,0,0.532005,0.525023,1.248168,-0.050851,0.634588,-2.526608,-0.071380,0.304577,0.907628,-0.279908,-21.826521,2.376150,-18.552393,2,0
1352711960.442,0,0.286163,0.459008,1.265652,-0.055859,0.637610,-2.509495,-0.072176,0.306034,0.904946,-0.286717,-21.826521,2.376150,-18.552393,2,0
1352711960.453,0,0.075531,0.312492,1.216461,-0.061975,0.638171,-2.492967,-0.072029,0.306577,0.902689,-0.293215,-21.413855,2.922806,-18.950951,2,0
1352711960.463,0,-0.024843,0.294803,1.117687,-0.068033,0.637326,-2.477663,-0.071511,0.306547,0.900761,-0.299241,-21.254187,3.312501,-19.066235,2,0
1352711960.474,0,-0.071469,0.455662,0.932694,-0.071395,0.635936,-2.464523,-0.071786,0.305963,0.899095,-0.304732,-21.254187,3.312501,-19.066235,2,0
1352711960.485,0,-0.092523,0.501092,0.656146,-0.071804,0.634415,-2.454879,-0.072826,0.305000,0.897845,-0.309106,-21.254187,3.312501,-19.066235,2,0
1352711960.496,0,-0.149990,0.571144,0.306104,-0.068950,0.632709,-2.449718,-0.074609,0.303607,0.897179,-0.311973,-20.883614,3.929910,-19.356264,2,0
1352711960.506,0,-0.273720,0.588122,-0.087706,-0.062524,0.630132,-2.449770,-0.077057,0.301458,0.897305,-0.313095,-20.883614,3.929910,-19.356264,2,0
1352711960.517,0,-0.432453,0.541745,-0.428418,-0.053748,0.626163,-2.454764,-0.079593,0.298511,0.898301,-0.312428,-20.692533,4.032595,-19.539488,2,0
1352711960.528,0,-0.646412,0.688170,-0.680716,-0.041812,0.620151,-2.463397,-0.082701,0.294314,0.900007,-0.310688,-20.692533,4.032595,-19.539488,2,0
1352711960.539,0,-0.856889,0.932687,-0.774068,-0.026376,0.611773,-2.473792,-0.086803,0.288604,0.902138,-0.308738,-20.692533,4.032595,-19.539488,2,0
1352711960.549,0,-1.012295,0.941171,-0.654895,-0.010714,0.601387,-2.483129,-0.090917,0.281925,0.904332,-0.307303,-20.330509,4.027917,-19.916847,2,0
1352711960.560,0,-1.034211,0.636615,-0.529223,0.001242,0.590239,-2.490422,-0.093596,0.275384,0.906444,-0.306206,-20.330509,4.027917,-19.916847,2,0
1352711960.571,0,-0.898438,0.135844,-0.488918,0.007596,0.580155,-2.496709,-0.094088,0.270131,0.908488,-0.304673,-20.330509,4.027917,-19.916847,2,0
1352711960.582,0,-0.739958,-0.342709,-0.504617,0.008553,0.571748,-2.503048,-0.092407,0.266455,0.910544,-0.302280,-19.984686,4.289505,-20.210068,2,0
1352711960.592,0,-0.561904,-0.585364,-0.515567,0.006242,0.565125,-2.509560,-0.089500,0.264078,0.912514,-0.299284,-20.123993,4.366335,-20.054789,2,0
1352711960.603,0,-0.318497,-0.554424,-0.534616,0.003623,0.560953,-2.516257,-0.086803,0.262857,0.914179,-0.296055,-20.123993,4.366335,-20.054789,2,0
1352711960.614,0,-0.064283,-0.391784,-0.527881,0.002537,0.559569,-2.523018,-0.085215,0.262674,0.915403,-0.292877,-20.123993,4.366335,-20.054789,2,0
1352711960.625,0,0.085069,-0.314029,-0.526248,0.002596,0.560158,-2.529790,-0.084437,0.263222,0.916310,-0.289760,-20.513000,4.185764,-19.695955,2,0
1352711960.635,0,0.097080,-0.311848,-0.488182,0.002599,0.561221,-2.536095,-0.083761,0.263974,0.917078,-0.286827,-20.513000,4.185764,-19.695955,2,0
1352711960.646,0,0.074642,-0.347165,-0.461696,0.002186,0.562097,-2.542042,-0.082910,0.264683,0.917828,-0.284009,-20.645327,3.987625,-19.598564,2,0
1352711960.657,0,-0.003715,-0.368369,-0.396225,0.001045,0.562290,-2.547297,-0.081718,0.265150,0.918592,-0.281437,-20.645327,3.987625,-19.598564,2,0
1352711960.668,0,-0.113879,-0.365205,-0.366247,-0.000308,0.561344,-2.552045,-0.080334,0.265097,0.919438,-0.279114,-20.645327,3.987625,-19.598564,2,0
1352711960.678,0,-0.203083,-0.395905,-0.330327,-0.002162,0.559387,-2.556376,-0.078635,0.264626,0.920372,-0.276956,-20.919294,3.704275,-19.362228,2,0
1352711960.689,0,-0.255720,-0.394221,-0.242438,-0.004641,0.556764,-2.559798,-0.076679,0.263894,0.921286,-0.275158,-20.919294,3.704275,-19.362228,2,0
1352711960.700,0,-0.296390,-0.306886,-0.116935,-0.007262,0.553712,-2.561727,-0.074795,0.262922,0.922050,-0.274048,-20.919294,3.704275,-19.362228,2,0
1352711960.711,0,-0.413658,-0.172559,0.009757,-0.009268,0.549677,-2.562038,-0.073272,0.261348,0.922691,-0.273806,-21.181637,3.679242,-19.079723,2,0
1352711960.721,0,-0.642709,-0.096120,0.073983,-0.010834,0.543431,-2.561356,-0.071774,0.258657,0.923458,-0.274173,-21.236095,3.809486,-18.993435,2,0
1352711960.732,0,-0.929566,-0.020844,0.112120,-0.011875,0.534208,-2.560141,-0.070170,0.254500,0.924496,-0.274977,-21.236095,3.809486,-18.993435,2,0
1352711960.743,0,-1.228495,0.077619,0.117323,-0.011940,0.521764,-2.558843,-0.068570,0.248713,0.925865,-0.276069,-21.236095,3.809486,-18.993435,2,0
1352711960.754,0,-1.484610,0.061866,0.035987,-0.011482,0.506495,-2.558253,-0.066721,0.241562,0.927614,-0.276998,-21.220842,4.492058,-18.860855,2,0
1352711960.764,0,-1.620037,-0.036389,-0.143367,-0.010934,0.489336,-2.559605,-0.064416,0.233569,0.929795,-0.277087,-21.220842,4.492058,-18.860855,2,0
1352711960.775,0,-1.596780,-0.119256,-0.395105,-0.010100,0.472040,-2.563832,-0.061907,0.225541,0.932313,-0.275846,-21.220615,4.948307,-18.746578,2,0
1352711960.786,0,-1.452690,-0.171726,-0.628673,-0.008635,0.456048,-2.570899,-0.059596,0.218094,0.934992,-0.273265,-21.220615,4.948307,-18.746578,2,0
1352711960.797,0,-1.202152,-0.328808,-0.743735,-0.007836,0.442469,-2.579678,-0.057171,0.211889,0.937604,-0.269690,-21.220615,4.948307,-18.746578,2,0
1352711960.807,0,-0.858172,-0.525701,-0.669950,-0.009399,0.432294,-2.588112,-0.054181,0.207559,0.939832,-0.265892,-21.421480,5.448373,-18.375797,2,0
1352711960.818,0,-0.425113,-0.640933,-0.480945,-0.013451,0.426568,-2.594435,-0.050859,0.205570,0.941357,-0.262680,-21.421480,5.448373,-18.375797,2,0
1352711960.829,0,-0.017972,-0.542982,-0.167634,-0.018423,0.425378,-2.597470,-0.048048,0.205736,0.941997,-0.260778,-21.421480,5.448373,-18.375797,2,0
1352711960.840,0,0.249198,-0.376718,0.190773,-0.023404,0.427323,-2.596222,-0.046089,0.207271,0.941756,-0.260787,-21.835627,5.417816,-17.890980,2,0
1352711960.850,0,0.421561,-0.256448,0.521227,-0.028649,0.431354,-2.590826,-0.044722,0.209729,0.940763,-0.262639,-21.927391,5.416761,-17.778713,2,0
1352711960.861,0,0.519943,-0.250257,0.706854,-0.034695,0.436434,-2.582697,-0.043426,0.212731,0.939307,-0.265634,-21.927391,5.416761,-17.778713,2,0
1352711960.872,0,0.634618,-0.248739,0.718647,-0.041197,0.442570,-2.573818,-0.042172,0.216282,0.937634,-0.268862,-21.927391,5.416761,-17.778713,2,0
1352711960.882,0,0.689641,-0.222648,0.638378,-0.047193,0.449570,-2.565588,-0.041240,0.220190,0.935925,-0.271772,-21.950676,5.575671,-17.700678,2,0
